Lashawn Mcdougall,lashawn.mcdougall@dolor.com,90f6thgl,Female,1742991490,Brazil,TRUE,FALSE,FALSE
Junko Wheatley,junko.wheatley@ullamcorper.com,21rg1ygs,Male,8176705020,China,FALSE,TRUE,TRUE
Portia Kidd,portia_kidd@sagittis.com,35v9reju,Female,5882379305,Albania,TRUE,FALSE,FALSE
Carrie Wheeler,carriewheeler@orci.com,75k5rhqc,Female,2200055184,Belgium,FALSE,TRUE,TRUE
Twanda Dennis,twanda.dennis@tellus.com,t88pth5k,Female,2049975241,United States,TRUE,FALSE,FALSE
Ollie Plummer,ollie.plummer@bibendum.com,183ogqni,Female,9885211581,Israel,FALSE,TRUE,TRUE
Etha Farrow,ethafarrow@iaculis.com,4r7of8wa,Female,7206019739,Italy,TRUE,FALSE,FALSE
Stephnie Griffiths,stephnie_griffiths@euismod.com,698xqisd,Female,5999385599,India,FALSE,TRUE,TRUE
Renita Hopkins,renita_hopkins@praesent.com,4n43ecjn,Female,3464380922,France,TRUE,FALSE,FALSE
Babette Hodge,babettehodge@at.com,753etbdp,Male,9134353949,France,FALSE,TRUE,TRUE
